Id,Prediction
1,neutral
2,neutral
3,neutral
4,positive
5,neutral
6,positive
7,neutral
8,neutral
9,neutral
10,neutral
11,positive
12,neutral
13,neutral
14,positive
15,positive
16,neutral
17,neutral
18,neutral
19,neutral
20,neutral
21,negative
22,neutral
23,neutral
24,neutral
25,neutral
26,neutral
27,negative
28,neutral
29,neutral
30,positive
31,neutral
32,negative
33,neutral
34,neutral
35,negative
36,neutral
37,neutral
38,neutral
39,neutral
40,neutral
41,neutral
42,neutral
43,neutral
44,neutral
45,neutral
46,neutral
47,negative
48,neutral
49,neutral
50,neutral
51,neutral
52,neutral
53,neutral
54,neutral
55,neutral
56,positive
57,negative
58,neutral
59,neutral
60,positive
61,neutral
62,positive
63,neutral
64,neutral
65,negative
66,neutral
67,neutral
68,neutral
69,negative
70,neutral
71,neutral
72,negative
73,neutral
74,neutral
75,neutral
76,neutral
77,neutral
78,neutral
79,neutral
80,neutral
81,neutral
82,neutral
83,positive
84,neutral
85,neutral
86,negative
87,negative
88,neutral
89,neutral
90,negative
91,neutral
92,neutral
93,neutral
94,neutral
95,negative
96,positive
97,neutral
98,neutral
99,neutral
100,neutral
101,neutral
102,neutral
103,negative
104,neutral
105,neutral
106,negative
107,neutral
108,neutral
109,neutral
110,neutral
111,neutral
112,neutral
113,neutral
114,neutral
115,neutral
116,neutral
117,neutral
118,neutral
119,negative
120,neutral
121,neutral
122,neutral
123,neutral
124,neutral
125,neutral
126,positive
127,neutral
128,neutral
129,neutral
130,neutral
131,neutral
132,neutral
133,neutral
134,neutral
135,positive
136,neutral
137,neutral
138,positive
139,neutral
140,neutral
141,neutral
142,neutral
143,neutral
144,negative
145,neutral
146,negative
147,neutral
148,neutral
149,neutral
150,neutral
151,neutral
152,neutral
153,neutral
154,neutral
155,neutral
156,neutral
157,negative
158,neutral
159,neutral
160,neutral
161,positive
162,neutral
163,neutral
164,neutral
165,neutral
166,neutral
167,neutral
168,neutral
169,neutral
170,neutral
171,neutral
172,neutral
173,neutral
174,negative
175,positive
176,neutral
177,neutral
178,neutral
179,neutral
180,neutral
181,neutral
182,neutral
183,neutral
184,neutral
185,neutral
186,negative
187,neutral
188,neutral
189,neutral
190,neutral
191,neutral
192,neutral
193,neutral
194,neutral
195,neutral
196,neutral
197,neutral
198,neutral
199,neutral
200,neutral
201,positive
202,negative
203,neutral
204,neutral
205,neutral
206,negative
207,negative
208,neutral
209,positive
210,neutral
211,neutral
212,positive
213,neutral
214,neutral
215,neutral
216,neutral
217,neutral
218,neutral
219,neutral
220,neutral
221,neutral
222,neutral
223,neutral
224,neutral
225,neutral
226,neutral
227,neutral
228,neutral
229,neutral
230,neutral
231,negative
232,neutral
233,positive
234,neutral
235,neutral
236,neutral
237,neutral
238,neutral
239,neutral
240,neutral
241,neutral
242,neutral
243,neutral
244,neutral
245,negative
246,neutral
247,negative
248,neutral
249,neutral
250,neutral
251,neutral
252,neutral
253,positive
254,neutral
255,neutral
256,neutral
257,neutral
258,neutral
259,neutral
260,neutral
261,negative
262,neutral
263,neutral
264,neutral
265,neutral
266,neutral
267,neutral
268,neutral
269,neutral
270,neutral
271,neutral
272,neutral
273,neutral
274,neutral
275,positive
276,negative
277,neutral
278,negative
279,neutral
280,neutral
281,neutral
282,positive
283,neutral
284,neutral
285,neutral
286,neutral
287,neutral
288,neutral
289,positive
290,neutral
291,neutral
292,neutral
293,neutral
294,neutral
295,neutral
296,neutral
297,neutral
298,neutral
299,neutral
300,neutral
301,neutral
302,neutral
303,neutral
304,neutral
305,negative
306,neutral
307,neutral
308,neutral
309,neutral
310,neutral
311,neutral
312,neutral
313,neutral
314,neutral
315,neutral
316,neutral
317,neutral
318,neutral
319,neutral
320,neutral
321,neutral
322,neutral
323,negative
324,positive
325,neutral
326,neutral
327,neutral
328,neutral
329,negative
330,neutral
331,neutral
332,neutral
333,neutral
334,neutral
335,neutral
336,positive
337,negative
338,neutral
339,neutral
340,neutral
341,neutral
342,negative
343,neutral
344,neutral
345,negative
346,negative
347,neutral
348,neutral
349,neutral
350,neutral
351,neutral
352,neutral
353,neutral
354,neutral
355,neutral
356,neutral
357,positive
358,neutral
359,neutral
360,neutral
361,neutral
362,neutral
363,neutral
364,neutral
365,neutral
366,neutral
367,neutral
368,neutral
369,positive
370,neutral
371,neutral
372,neutral
373,neutral
374,neutral
375,neutral
376,neutral
377,neutral
378,neutral
379,neutral
380,neutral
381,neutral
382,neutral
383,neutral
384,positive
385,negative
386,neutral
387,neutral
388,neutral
389,neutral
390,neutral
391,negative
392,positive
393,neutral
394,negative
395,neutral
396,neutral
397,neutral
398,neutral
399,neutral
400,neutral
401,neutral
402,neutral
403,neutral
404,neutral
405,neutral
406,neutral
407,neutral
408,neutral
409,neutral
410,negative
411,neutral
412,neutral
413,neutral
414,neutral
415,neutral
416,negative
417,neutral
418,neutral
419,neutral
420,neutral
421,neutral
422,neutral
423,neutral
424,neutral
425,neutral
426,neutral
427,neutral
428,neutral
429,neutral
430,neutral
431,neutral
432,neutral
433,neutral
434,positive
435,neutral
436,neutral
437,neutral
438,neutral
439,positive
440,positive
441,neutral
442,neutral
443,neutral
444,neutral
445,neutral
446,neutral
447,neutral
448,positive
449,neutral
450,neutral
451,neutral
452,neutral
453,negative
454,negative
455,positive
456,neutral
457,neutral
458,neutral
459,neutral
460,neutral
461,negative
462,neutral
463,negative
464,neutral
465,neutral
466,neutral
467,neutral
468,neutral
469,neutral
470,negative
471,neutral
472,neutral
473,positive
474,neutral
475,neutral
476,neutral
477,neutral
478,neutral
479,neutral
480,positive
481,neutral
482,neutral
483,neutral
484,neutral
485,neutral
486,neutral
487,neutral
488,negative
489,neutral
490,neutral
491,neutral
492,neutral
493,neutral
494,neutral
495,positive
496,negative
497,neutral
498,positive
499,negative
500,neutral
501,neutral
502,neutral
503,neutral
504,neutral
505,neutral
506,negative
507,neutral
508,positive
509,neutral
510,positive
511,neutral
512,neutral
513,neutral
514,neutral
515,neutral
516,neutral
517,positive
518,positive
519,neutral
520,negative
521,negative
522,neutral
523,neutral
524,positive
525,negative
526,neutral
527,neutral
528,neutral
529,neutral
530,negative
531,neutral
532,neutral
533,neutral
534,neutral
535,neutral
536,neutral
537,neutral
538,neutral
539,positive
540,negative
541,neutral
542,negative
543,negative
544,neutral
545,neutral
546,neutral
547,neutral
548,neutral
549,neutral
550,neutral
551,positive
552,neutral
553,neutral
554,positive
555,neutral
556,neutral
557,neutral
558,neutral
559,neutral
560,neutral
561,neutral
562,positive
563,neutral
564,neutral
565,neutral
566,neutral
567,neutral
568,neutral
569,neutral
570,neutral
571,neutral
572,neutral
573,positive
574,neutral
575,neutral
576,neutral
577,neutral
578,neutral
579,neutral
580,neutral
581,neutral
582,positive
583,negative
584,neutral
585,positive
586,neutral
587,neutral
588,neutral
589,neutral
590,neutral
591,positive
592,neutral
593,neutral
594,neutral
595,neutral
596,neutral
597,neutral
598,neutral
599,neutral
600,neutral
601,positive
602,neutral
603,neutral
604,neutral
605,neutral
606,neutral
607,neutral
608,neutral
609,neutral
610,neutral
611,neutral
612,neutral
613,neutral
614,neutral
615,neutral
616,negative
617,negative
618,neutral
619,neutral
620,positive
621,neutral
622,neutral
623,negative
624,neutral
625,neutral
626,neutral
627,neutral
628,neutral
629,neutral
630,neutral
631,neutral
632,neutral
633,neutral
634,neutral
635,positive
636,neutral
637,negative
638,neutral
639,neutral
640,neutral
641,neutral
642,neutral
643,neutral
644,neutral
645,neutral
646,neutral
647,neutral
648,neutral
649,positive
650,neutral
651,neutral
652,neutral
653,neutral
654,neutral
655,neutral
656,neutral
657,neutral
658,neutral
659,neutral
660,neutral
661,neutral
662,neutral
663,neutral
664,neutral
665,neutral
666,neutral
667,neutral
668,neutral
669,negative
670,neutral
671,neutral
672,neutral
673,neutral
674,neutral
675,neutral
676,neutral
677,neutral
678,neutral
679,negative
680,neutral
681,neutral
682,neutral
683,neutral
684,positive
685,neutral
686,negative
687,neutral
688,neutral
689,neutral
690,neutral
691,neutral
692,neutral
693,neutral
694,neutral
695,neutral
696,neutral
697,neutral
698,neutral
699,neutral
700,neutral
701,neutral
702,neutral
703,neutral
704,neutral
705,neutral
706,neutral
707,neutral
708,negative
709,neutral
710,neutral
711,neutral
712,neutral
713,neutral
714,neutral
715,neutral
716,neutral
717,neutral
718,neutral
719,neutral
720,positive
721,neutral
722,neutral
723,neutral
724,negative
725,neutral
726,neutral
727,neutral
728,negative
729,neutral
730,positive
731,neutral
732,neutral
733,neutral
734,neutral
735,neutral
736,neutral
737,neutral
738,neutral
739,neutral
740,positive
741,neutral
742,neutral
743,neutral
744,neutral
745,neutral
746,positive
747,neutral
748,neutral
749,neutral
750,positive
751,positive
752,negative
753,neutral
754,neutral
755,neutral
756,neutral
757,neutral
758,neutral
759,neutral
760,neutral
761,negative
762,neutral
763,neutral
764,neutral
765,neutral
766,neutral
767,neutral
768,neutral
769,neutral
770,neutral
771,positive
772,neutral
773,neutral
774,neutral
775,positive
776,neutral
777,neutral
778,neutral
779,neutral
780,positive
781,negative
782,neutral
783,neutral
784,neutral
785,neutral
786,negative
787,neutral
788,neutral
789,neutral
790,positive
791,neutral
792,neutral
793,neutral
794,neutral
795,neutral
796,neutral
797,neutral
798,positive
799,neutral
800,neutral
801,neutral
802,neutral
803,neutral
804,neutral
805,neutral
806,neutral
807,neutral
808,neutral
809,neutral
810,neutral
811,neutral
812,positive
813,negative
814,neutral
815,neutral
816,neutral
817,neutral
818,neutral
819,positive
820,neutral
821,negative
822,neutral
823,neutral
824,neutral
825,neutral
826,neutral
827,neutral
828,negative
829,neutral
830,neutral
831,neutral
832,neutral
833,neutral
834,neutral
835,positive
836,neutral
837,negative
838,neutral
839,positive
840,neutral
841,neutral
842,neutral
843,neutral
844,neutral
845,neutral
846,negative
847,neutral
848,neutral
849,neutral
850,neutral
851,neutral
852,neutral
853,negative
854,neutral
855,neutral
856,neutral
857,neutral
858,neutral
859,negative
860,neutral
861,neutral
862,neutral
863,neutral
864,neutral
865,neutral
866,neutral
867,neutral
868,neutral
869,negative
870,negative
871,neutral
872,neutral
873,neutral
874,neutral
875,neutral
876,neutral
877,neutral
878,neutral
879,positive
880,neutral
881,neutral
882,neutral
883,negative
884,neutral
885,negative
886,neutral
887,neutral
888,neutral
889,neutral
890,neutral
891,positive
892,positive
893,neutral
894,neutral
895,neutral
896,positive
897,neutral
898,neutral
899,neutral
900,neutral
901,neutral
902,neutral
903,neutral
904,neutral
905,neutral
906,neutral
907,neutral
908,neutral
909,neutral
910,negative
911,neutral
912,positive
913,neutral
914,neutral
915,negative
916,neutral
917,neutral
918,neutral
919,neutral
920,negative
921,negative
922,neutral
923,neutral
924,neutral
925,negative
926,neutral
927,neutral
928,neutral
929,neutral
930,neutral
931,neutral
932,neutral
933,neutral
934,neutral
935,positive
936,neutral
937,positive
938,neutral
939,neutral
940,neutral
941,neutral
942,neutral
943,neutral
944,neutral
945,neutral
946,negative
947,neutral
948,neutral
949,neutral
950,negative
951,neutral
952,negative
953,neutral
954,neutral
955,neutral
956,neutral
957,neutral
958,negative
959,neutral
960,neutral
961,neutral
962,neutral
963,neutral
964,neutral
965,neutral
966,negative
967,neutral
968,neutral
969,negative
970,neutral
971,negative
972,positive
973,neutral
974,neutral
975,neutral
976,neutral
977,neutral
978,neutral
979,neutral
980,neutral
981,neutral
982,neutral
983,neutral
984,neutral
985,positive
986,neutral
987,neutral
988,neutral
989,neutral
990,neutral
991,neutral
992,neutral
993,negative
994,neutral
995,neutral
996,neutral
997,neutral
998,neutral
999,neutral
1000,negative
1001,neutral
1002,neutral
1003,neutral
1004,neutral
1005,neutral
1006,neutral
1007,negative
1008,neutral
1009,neutral
1010,neutral
1011,neutral
1012,neutral
1013,neutral
1014,neutral
1015,neutral
1016,neutral
1017,neutral
1018,negative
1019,neutral
1020,neutral
1021,neutral
1022,negative
1023,neutral
1024,neutral
1025,neutral
1026,neutral
1027,neutral
1028,neutral
